"id","algorithm_name","algorithm_step","plant_id","schedule_start_date","created_at","sod_id","asset_id","production_hours","scheduled_production_quantity","prod_start_datetime","prod_end_datetime","changeover_group","fulfilled_quantity","schedule_status","quantity_status","reason_code","demand_id","changeover_type","row_type","material_id","order_id","order_line_item","order_status","demand_type","due_date","original_quantity","adjusted_quantity","quantity_fulfilled_by_inventory","production_quantity","cm","demand_status","quantity","starting_available_inventory","ending_available_inventory","safety_stock","material_name","product_grade","plant_name","asset_hours","inventory_quantity_total"
"166","SINGLE_STAGE","optimized_for_changeovers","2","2024-10-21 00:00:00","2024-10-21 02:44:33.303909+00","3786","74","4","1.3608","2024-10-21 05:00:00","2024-10-21 09:00:00",NULL,"0","ON_TIME","FULL",NULL,"11110",NULL,"PRODUCTION","44",NULL,NULL,"OPEN","UNCONSUMED_FORECAST","2024-11-01 00:00:00",NULL,NULL,"0.0654","0","0","FULFILLED_BY_INVENTORY","0.0654","2.776","2.7106","0","GASIL 23FJ (30 LB X 12 BAGS)","Gasil 23FJ","JOLIET SPEC",20,"2.776"
"166","SINGLE_STAGE","optimized_for_changeovers","2","2024-10-21 00:00:00","2024-10-21 02:44:33.303909+00","3787","74","0.05","0","2024-10-21 09:00:00","2024-10-21 09:03:00",NULL,NULL,NULL,NULL,NULL,NULL,"GRADE_CHANGEOVER","CHANGEOVER",NULL,NULL,NULL,NULL,NULL,NULL,NULL,NULL,NULL,NULL,NULL,NULL,NULL,NULL,NULL,NULL,NULL,NULL,"JOLIET SPEC",20,NULL
"166","SINGLE_STAGE","optimized_for_changeovers","2","2024-10-21 00:00:00","2024-10-21 02:44:33.303909+00","3788","74","26.561445783132527","6","2024-10-21 09:03:00","2024-10-22 11:36:41.204819",NULL,"6","ON_TIME","FULL",NULL,"11142",NULL,"PRODUCTION","10","91406637","30","OPEN","CUSTOMER_ORDERS","2024-10-25 00:00:00",NULL,NULL,"0","6","37355","NOT_FULFILLED_BY_INVENTORY","6","0","0","0","GASIL 23FP (25 LB X 14 BAGS)","Gasil 23FP","JOLIET SPEC",20,NULL
"166","SINGLE_STAGE","optimized_for_changeovers","2","2024-10-21 00:00:00","2024-10-21 02:44:33.303909+00","3789","74","0.1","0","2024-10-22 11:36:41.204819","2024-10-22 11:42:41.204819",NULL,NULL,NULL,NULL,NULL,NULL,"GROUP_CHANGEOVER","CHANGEOVER",NULL,NULL,NULL,NULL,NULL,NULL,NULL,NULL,NULL,NULL,NULL,NULL,NULL,NULL,NULL,NULL,NULL,NULL,"JOLIET SPEC",20,NULL
"166","SINGLE_STAGE","optimized_for_changeovers","2","2024-10-21 00:00:00","2024-10-21 02:44:33.303909+00","3790","74","3.1258829595256508","0.611111111111111","2024-10-22 11:42:41.204819","2024-10-22 14:50:14.383473",NULL,"0","ON_TIME","FULL",NULL,"11124",NULL,"PRODUCTION","97",NULL,NULL,"OPEN","UNCONSUMED_FORECAST","2024-11-01 00:00:00",NULL,NULL,"0.079","0","0","FULFILLED_BY_INVENTORY","0.079","1.943681599366828","1.864681599366828","8.770318400633172","GASIL GM2 (44 LB X 24 BAGS)","Gasil GM2","JOLIET SPEC",20,"11.714"
"166","SINGLE_STAGE","optimized_for_changeovers","2","2024-10-21 00:00:00","2024-10-21 02:44:33.303909+00","3790","74","0","0","2024-10-22 11:42:41.204819","2024-10-22 14:50:14.383473",NULL,"0","ON_TIME","FULL",NULL,"11205",NULL,"PRODUCTION","97","91406937","10","OPEN","CUSTOMER_ORDERS","2024-10-30 00:00:00",NULL,NULL,"1","0","5763","FULFILLED_BY_INVENTORY","1","2.943681599366828","1.943681599366828","8.770318400633172","GASIL GM2 (44 LB X 24 BAGS)","Gasil GM2","JOLIET SPEC",20,"11.714"
"166","SINGLE_STAGE","optimized_for_changeovers","2","2024-10-21 00:00:00","2024-10-21 02:44:33.303909+00","3791","74","0.016666666666666666","0","2024-10-22 14:50:14.383473","2024-10-22 14:51:14.383473",NULL,NULL,NULL,NULL,NULL,NULL,"GROUP_CHANGEOVER","CHANGEOVER",NULL,NULL,NULL,NULL,NULL,NULL,NULL,NULL,NULL,NULL,NULL,NULL,NULL,NULL,NULL,NULL,NULL,NULL,"JOLIET SPEC",20,NULL
"166","SINGLE_STAGE","optimized_for_changeovers","2","2024-10-21 00:00:00","2024-10-21 02:44:33.303909+00","3792","74","7.563134191702433","2.3980000000000006","2024-10-22 14:51:14.383473","2024-10-22 22:25:01.666563",NULL,"2","ON_TIME","FULL",NULL,"11149",NULL,"PRODUCTION","11","91406637","30","OPEN","CUSTOMER_ORDERS","2024-10-25 00:00:00",NULL,NULL,"0","2","13604","NOT_FULFILLED_BY_INVENTORY","2","0","0","13.340521263269945","GASIL HP210 (15 kg x 14 Bags)","Gasil HP210","JOLIET SPEC",20,"0.42"
"166","SINGLE_STAGE","optimized_for_changeovers","2","2024-10-21 00:00:00","2024-10-21 02:44:33.303909+00","3792","74","0","0","2024-10-22 14:51:14.383473","2024-10-22 22:25:01.666563",NULL,"0.3000000000000007","ON_TIME","FULL",NULL,"11041",NULL,"PRODUCTION","11",NULL,NULL,"OPEN","UNCONSUMED_FORECAST","2024-10-25 00:00:00",NULL,NULL,"0","0.3000000000000007","0","NOT_FULFILLED_BY_INVENTORY","0.3000000000000007","0","0","13.340521263269945","GASIL HP210 (15 kg x 14 Bags)","Gasil HP210","JOLIET SPEC",20,"0.42"
"166","SINGLE_STAGE","optimized_for_changeovers","2","2024-10-21 00:00:00","2024-10-21 02:44:33.303909+00","3792","74","0","0","2024-10-22 14:51:14.383473","2024-10-22 22:25:01.666563",NULL,"0.09799999999999968","ON_TIME","FULL",NULL,"11042",NULL,"PRODUCTION","11",NULL,NULL,"OPEN","UNCONSUMED_FORECAST","2024-11-01 00:00:00",NULL,NULL,"0","0.09799999999999968","0","NOT_FULFILLED_BY_INVENTORY","0.09799999999999968","0","0","13.340521263269945","GASIL HP210 (15 kg x 14 Bags)","Gasil HP210","JOLIET SPEC",20,"0.42"
"166","SINGLE_STAGE","optimized_for_changeovers","2","2024-10-21 00:00:00","2024-10-21 02:44:33.303909+00","3793","74","0.0045000000000000005","0","2024-10-22 22:25:01.666563","2024-10-22 22:25:17.866563",NULL,NULL,NULL,NULL,NULL,NULL,"MATERIAL_CHANGEOVER","CHANGEOVER",NULL,NULL,NULL,NULL,NULL,NULL,NULL,NULL,NULL,NULL,NULL,NULL,NULL,NULL,NULL,NULL,NULL,NULL,"JOLIET SPEC",20,NULL
"166","SINGLE_STAGE","optimized_for_changeovers","2","2024-10-21 00:00:00","2024-10-21 02:44:33.303909+00","3794","74","9.107931158798282","2.8878","2024-10-22 22:25:17.866563","2024-10-23 07:31:46.418735",NULL,"2","ON_TIME","FULL",NULL,"11151",NULL,"PRODUCTION","12","91406554","50","OPEN","CUSTOMER_ORDERS","2024-10-24 00:00:00",NULL,NULL,"0","2","14849","NOT_FULFILLED_BY_INVENTORY","2","0","0","14.77414305570049","GASIL HP210 (30 LB X 21 BAGS)","Gasil HP210","JOLIET SPEC",20,"10.859"
"166","SINGLE_STAGE","optimized_for_changeovers","2","2024-10-21 00:00:00","2024-10-21 02:44:33.303909+00","3794","74","0","0","2024-10-22 22:25:17.866563","2024-10-23 07:31:46.418735",NULL,"0.859","ON_TIME","FULL",NULL,"11051",NULL,"PRODUCTION","12",NULL,NULL,"OPEN","UNCONSUMED_FORECAST","2024-10-25 00:00:00",NULL,NULL,"0","0.859","0","NOT_FULFILLED_BY_INVENTORY","0.859","0","0","14.77414305570049","GASIL HP210 (30 LB X 21 BAGS)","Gasil HP210","JOLIET SPEC",20,"10.859"
"166","SINGLE_STAGE","optimized_for_changeovers","2","2024-10-21 00:00:00","2024-10-21 02:44:33.303909+00","3794","74","0","0","2024-10-22 22:25:17.866563","2024-10-23 07:31:46.418735",NULL,"0.028800000000000027","ON_TIME","FULL",NULL,"11052",NULL,"PRODUCTION","12",NULL,NULL,"OPEN","UNCONSUMED_FORECAST","2024-11-01 00:00:00",NULL,NULL,"0","0.028800000000000027","0","NOT_FULFILLED_BY_INVENTORY","0.028800000000000027","0","0","14.77414305570049","GASIL HP210 (30 LB X 21 BAGS)","Gasil HP210","JOLIET SPEC",20,"10.859"
"166","SINGLE_STAGE","optimized_for_changeovers","2","2024-10-21 00:00:00","2024-10-21 02:44:33.303909+00","3795","74","0.025","0","2024-10-23 07:31:46.418735","2024-10-23 07:33:16.418735",NULL,NULL,NULL,NULL,NULL,NULL,"GRADE_CHANGEOVER","CHANGEOVER",NULL,NULL,NULL,NULL,NULL,NULL,NULL,NULL,NULL,NULL,NULL,NULL,NULL,NULL,NULL,NULL,NULL,NULL,"JOLIET SPEC",20,NULL
"166","SINGLE_STAGE","optimized_for_changeovers","2","2024-10-21 00:00:00","2024-10-21 02:44:33.303909+00","3796","74","5.990760869565217","2","2024-10-23 07:33:16.418735","2024-10-23 13:32:43.157865",NULL,"2","ON_TIME","FULL",NULL,"11154",NULL,"PRODUCTION","13","91406637","30","OPEN","CUSTOMER_ORDERS","2024-10-25 00:00:00",NULL,NULL,"0","2","10547","NOT_FULFILLED_BY_INVENTORY","2","0","0","0","GASIL HP220 (15 kg x 14 bags)","Gasil HP220","JOLIET SPEC",20,NULL
"166","SINGLE_STAGE","optimized_for_changeovers","2","2024-10-21 00:00:00","2024-10-21 02:44:33.303909+00","3797","74","0.025","0","2024-10-23 13:32:43.157865","2024-10-23 13:34:13.157865",NULL,NULL,NULL,NULL,NULL,NULL,"GRADE_CHANGEOVER","CHANGEOVER",NULL,NULL,NULL,NULL,NULL,NULL,NULL,NULL,NULL,NULL,NULL,NULL,NULL,NULL,NULL,NULL,NULL,NULL,"JOLIET SPEC",20,NULL
"166","SINGLE_STAGE","optimized_for_changeovers","2","2024-10-21 00:00:00","2024-10-21 02:44:33.303909+00","3798","74","1.8658723958333334","0.5416666666666667","2024-10-23 13:34:13.157865","2024-10-23 15:26:10.29849",NULL,"0","ON_TIME","FULL",NULL,"11069",NULL,"PRODUCTION","17",NULL,NULL,"OPEN","UNCONSUMED_FORECAST","2024-10-25 00:00:00",NULL,NULL,"0.14400000000000013","0","0","FULFILLED_BY_INVENTORY","0.14400000000000013","2.072559385728182","1.9285593857281818","7.221440614271819","GASIL HP240J (30 LB X 18 BAGS)","Gasil HP240J","JOLIET SPEC",20,"9.294"
"166","SINGLE_STAGE","optimized_for_changeovers","2","2024-10-21 00:00:00","2024-10-21 02:44:33.303909+00","3799","74","0.016666666666666666","0","2024-10-23 15:26:10.29849","2024-10-23 15:27:10.29849",NULL,NULL,NULL,NULL,NULL,NULL,"GRADE_CHANGEOVER","CHANGEOVER",NULL,NULL,NULL,NULL,NULL,NULL,NULL,NULL,NULL,NULL,NULL,NULL,NULL,NULL,NULL,NULL,NULL,NULL,"JOLIET SPEC",20,NULL
"166","SINGLE_STAGE","optimized_for_changeovers","2","2024-10-21 00:00:00","2024-10-21 02:44:33.303909+00","3800","74","14.450760909424273","3.972222222222222","2024-10-23 15:27:10.29849","2024-10-24 05:54:13.037764",NULL,"0","ON_TIME","FULL",NULL,"11164",NULL,"PRODUCTION","18","91406552","30","OPEN","CUSTOMER_ORDERS","2024-10-23 00:00:00",NULL,NULL,"5","0","6666","FULFILLED_BY_INVENTORY","5","49.34936869685724","44.34936869685724","19.950631303142753","GASIL HP260 (12.5 kg x 14 Bags)","Gasil HP260","JOLIET SPEC",20,"69.3"
"166","SINGLE_STAGE","optimized_for_changeovers","2","2024-10-21 00:00:00","2024-10-21 02:44:33.303909+00","3800","74","0","0","2024-10-23 15:27:10.29849","2024-10-24 05:54:13.037764",NULL,"0","ON_TIME","FULL",NULL,"11160",NULL,"PRODUCTION","18","91406815","10","OPEN","CUSTOMER_ORDERS","2024-10-26 00:00:00",NULL,NULL,"4","0","5928","FULFILLED_BY_INVENTORY","4","44.34936869685724","40.34936869685724","19.950631303142753","GASIL HP260 (12.5 kg x 14 Bags)","Gasil HP260","JOLIET SPEC",20,"69.3"
"166","SINGLE_STAGE","optimized_for_changeovers","2","2024-10-21 00:00:00","2024-10-21 02:44:33.303909+00","3801","74","0.0016666666666666668","0","2024-10-24 05:54:13.037764","2024-10-24 05:54:19.037764",NULL,NULL,NULL,NULL,NULL,NULL,"MATERIAL_CHANGEOVER","CHANGEOVER",NULL,NULL,NULL,NULL,NULL,NULL,NULL,NULL,NULL,NULL,NULL,NULL,NULL,NULL,NULL,NULL,NULL,NULL,"JOLIET SPEC",20,NULL
"166","SINGLE_STAGE","optimized_for_changeovers","2","2024-10-21 00:00:00","2024-10-21 02:44:33.303909+00","3802","74","2.3747753942060874","0.6527777777777778","2024-10-24 05:54:19.037764","2024-10-24 08:16:48.229183",NULL,"0","ON_TIME","FULL",NULL,"11166",NULL,"PRODUCTION","20","91406554","50","OPEN","CUSTOMER_ORDERS","2024-10-24 00:00:00",NULL,NULL,"2","0","13593","FULFILLED_BY_INVENTORY","2","5.406773270063935","3.406773270063935","3.411226729936065","GASIL HP260 (30 LB X 18 BAGS)","Gasil HP260","JOLIET SPEC",20,"8.818"
"166","SINGLE_STAGE","optimized_for_changeovers","2","2024-10-21 00:00:00","2024-10-21 02:44:33.303909+00","3802","74","0","0","2024-10-24 05:54:19.037764","2024-10-24 08:16:48.229183",NULL,"0","ON_TIME","FULL",NULL,"11071",NULL,"PRODUCTION","20",NULL,NULL,"OPEN","UNCONSUMED_FORECAST","2024-11-01 00:00:00",NULL,NULL,"0.04500000000000002","0","0","FULFILLED_BY_INVENTORY","0.04500000000000002","1.3437732700639362","1.2987732700639363","3.411226729936065","GASIL HP260 (30 LB X 18 BAGS)","Gasil HP260","JOLIET SPEC",20,"8.818"
"166","SINGLE_STAGE","optimized_for_changeovers","2","2024-10-21 00:00:00","2024-10-21 02:44:33.303909+00","3802","74","0","0","2024-10-24 05:54:19.037764","2024-10-24 08:16:48.229183",NULL,"0","ON_TIME","FULL",NULL,"11169",NULL,"PRODUCTION","20","91406939","10","OPEN","CUSTOMER_ORDERS","2024-10-30 00:00:00",NULL,NULL,"1","0","3934","FULFILLED_BY_INVENTORY","1","2.343773270063936","1.3437732700639362","3.411226729936065","GASIL HP260 (30 LB X 18 BAGS)","Gasil HP260","JOLIET SPEC",20,"8.818"
"166","SINGLE_STAGE","optimized_for_changeovers","2","2024-10-21 00:00:00","2024-10-21 02:44:33.303909+00","3802","74","0","0","2024-10-24 05:54:19.037764","2024-10-24 08:16:48.229183",NULL,"0","ON_TIME","FULL",NULL,"11070",NULL,"PRODUCTION","20",NULL,NULL,"OPEN","UNCONSUMED_FORECAST","2024-10-25 00:00:00",NULL,NULL,"1.0629999999999988","0","0","FULFILLED_BY_INVENTORY","1.0629999999999988","3.406773270063935","2.343773270063936","3.411226729936065","GASIL HP260 (30 LB X 18 BAGS)","Gasil HP260","JOLIET SPEC",20,"8.818"
"166","SINGLE_STAGE","optimized_for_changeovers","2","2024-10-21 00:00:00","2024-10-21 02:44:33.303909+00","3803","74","0.016666666666666666","0","2024-10-24 08:16:48.229183","2024-10-24 08:17:48.229183",NULL,NULL,NULL,NULL,NULL,NULL,"GRADE_CHANGEOVER","CHANGEOVER",NULL,NULL,NULL,NULL,NULL,NULL,NULL,NULL,NULL,NULL,NULL,NULL,NULL,NULL,NULL,NULL,NULL,NULL,"JOLIET SPEC",20,NULL
"166","SINGLE_STAGE","optimized_for_changeovers","2","2024-10-21 00:00:00","2024-10-21 02:44:33.303909+00","3804","74","1.9999999999102467","0.6250566996","2024-10-24 08:17:48.229183","2024-10-24 10:17:48.229183",NULL,"0","ON_TIME","FULL",NULL,"11171",NULL,"PRODUCTION","26","91406552","30","OPEN","CUSTOMER_ORDERS","2024-10-23 00:00:00",NULL,NULL,"1","0","801","FULFILLED_BY_INVENTORY","1","15.54","14.54","0","GASIL HP39 (15 KG X 14 BAGS)","Gasil HP39","JOLIET SPEC",20,"15.54"
"166","SINGLE_STAGE","optimized_for_changeovers","2","2024-10-21 00:00:00","2024-10-21 02:44:33.303909+00","3805","74","0.0023333333333333335","0","2024-10-24 10:17:48.229183","2024-10-24 10:17:56.629183",NULL,NULL,NULL,NULL,NULL,NULL,"MATERIAL_CHANGEOVER","CHANGEOVER",NULL,NULL,NULL,NULL,NULL,NULL,NULL,NULL,NULL,NULL,NULL,NULL,NULL,NULL,NULL,NULL,NULL,NULL,"JOLIET SPEC",20,NULL
"166","SINGLE_STAGE","optimized_for_changeovers","2","2024-10-21 00:00:00","2024-10-21 02:44:33.303909+00","3806","74","4.121226124818579","1.2880000000000003","2024-10-24 10:17:56.629183","2024-10-24 14:25:13.043232",NULL,"1","ON_TIME","FULL",NULL,"11172",NULL,"PRODUCTION","27","91406554","50","OPEN","CUSTOMER_ORDERS","2024-10-24 00:00:00",NULL,NULL,"0","1","11600","NOT_FULFILLED_BY_INVENTORY","1","0","0","9.915292749234906","GASIL HP39 (30 LB X 21 BAGS)","Gasil HP39","JOLIET SPEC",20,"5.702"
"166","SINGLE_STAGE","optimized_for_changeovers","2","2024-10-21 00:00:00","2024-10-21 02:44:33.303909+00","3806","74","0","0","2024-10-24 10:17:56.629183","2024-10-24 14:25:13.043232",NULL,"0.28800000000000026","ON_TIME","FULL",NULL,"11080",NULL,"PRODUCTION","27",NULL,NULL,"OPEN","UNCONSUMED_FORECAST","2024-10-25 00:00:00",NULL,NULL,"0","0.28800000000000026","0","NOT_FULFILLED_BY_INVENTORY","0.28800000000000026","0","0","9.915292749234906","GASIL HP39 (30 LB X 21 BAGS)","Gasil HP39","JOLIET SPEC",20,"5.702"
"166","SINGLE_STAGE","optimized_for_changeovers","2","2024-10-21 00:00:00","2024-10-21 02:44:33.303909+00","3807","74","2","0.3402","2024-10-24 14:25:13.043232","2024-10-24 16:25:13.043232",NULL,"0","ON_TIME","FULL",NULL,"11085",NULL,"PRODUCTION","28",NULL,NULL,"OPEN","UNCONSUMED_FORECAST","2024-10-25 00:00:00",NULL,NULL,"0.42","0","0","FULFILLED_BY_INVENTORY","0.42","7.219","6.799","0","GASIL HP860-CPC1041003 (15 kg x14 Sacks)","Gasil HP860","JOLIET SPEC",20,"7.219"
"166","SINGLE_STAGE","optimized_for_changeovers","2","2024-10-21 00:00:00","2024-10-21 02:44:33.303909+00","3808","74","0.016666666666666666","0","2024-10-24 16:25:13.043232","2024-10-24 16:26:13.043232",NULL,NULL,NULL,NULL,NULL,NULL,"GRADE_CHANGEOVER","CHANGEOVER",NULL,NULL,NULL,NULL,NULL,NULL,NULL,NULL,NULL,NULL,NULL,NULL,NULL,NULL,NULL,NULL,NULL,NULL,"JOLIET SPEC",20,NULL
"166","SINGLE_STAGE","optimized_for_changeovers","2","2024-10-21 00:00:00","2024-10-21 02:44:33.303909+00","3809","74","2","0.4254","2024-10-24 16:26:13.043232","2024-10-24 18:26:13.043232",NULL,"0","ON_TIME","FULL",NULL,"11185",NULL,"PRODUCTION","43","91407025","20","OPEN","CUSTOMER_ORDERS","2024-10-31 00:00:00",NULL,NULL,"2","0","5810","FULFILLED_BY_INVENTORY","2","7.35","5.35","0","GASIL HP870 (15 KG X 14 BAGS)","Gasil HP870","JOLIET SPEC",20,"7.35"
"166","SINGLE_STAGE","optimized_for_changeovers","2","2024-10-21 00:00:00","2024-10-21 02:44:33.303909+00","3809","74","0","0","2024-10-24 16:26:13.043232","2024-10-24 18:26:13.043232",NULL,"0","ON_TIME","FULL",NULL,"11105",NULL,"PRODUCTION","43",NULL,NULL,"OPEN","UNCONSUMED_FORECAST","2024-11-01 00:00:00",NULL,NULL,"0.094","0","0","FULFILLED_BY_INVENTORY","0.094","5.35","5.255999999999999","0","GASIL HP870 (15 KG X 14 BAGS)","Gasil HP870","JOLIET SPEC",20,"7.35"
"166","SINGLE_STAGE","optimized_for_changeovers","2","2024-10-21 00:00:00","2024-10-21 02:44:33.303909+00","3810","74","0.016666666666666666","0","2024-10-24 18:26:13.043232","2024-10-24 18:27:13.043232",NULL,NULL,NULL,NULL,NULL,NULL,"GROUP_CHANGEOVER","CHANGEOVER",NULL,NULL,NULL,NULL,NULL,NULL,NULL,NULL,NULL,NULL,NULL,NULL,NULL,NULL,NULL,NULL,NULL,NULL,"JOLIET SPEC",20,NULL
"166","SINGLE_STAGE","optimized_for_changeovers","2","2024-10-21 00:00:00","2024-10-21 02:44:33.303909+00","3811","74","6.830491452991453","2.013888888888889","2024-10-24 18:27:13.043232","2024-10-25 01:17:02.812463",NULL,"0","ON_TIME","FULL",NULL,"11090",NULL,"PRODUCTION","30",NULL,NULL,"OPEN","UNCONSUMED_FORECAST","2024-10-25 00:00:00",NULL,NULL,"0.6809999999999974","0","0","FULFILLED_BY_INVENTORY","0.6809999999999974","12.281209294369619","11.600209294369622","13.943790705630382","GASIL IJ24 (44 LB X 18 BAGS)","Gasil IJ24","JOLIET SPEC",20,"26.225"
"166","SINGLE_STAGE","optimized_for_changeovers","2","2024-10-21 00:00:00","2024-10-21 02:44:33.303909+00","3811","74","0","0","2024-10-24 18:27:13.043232","2024-10-25 01:17:02.812463",NULL,"0","ON_TIME","FULL",NULL,"11091",NULL,"PRODUCTION","30",NULL,NULL,"OPEN","UNCONSUMED_FORECAST","2024-11-01 00:00:00",NULL,NULL,"0.07399999999999984","0","0","FULFILLED_BY_INVENTORY","0.07399999999999984","11.600209294369622","11.526209294369622","13.943790705630382","GASIL IJ24 (44 LB X 18 BAGS)","Gasil IJ24","JOLIET SPEC",20,"26.225"
"166","SINGLE_STAGE","optimized_for_changeovers","2","2024-10-21 00:00:00","2024-10-21 02:44:33.303909+00","3812","74","0.0015","0","2024-10-25 01:17:02.812463","2024-10-25 01:17:08.212463",NULL,NULL,NULL,NULL,NULL,NULL,"MATERIAL_CHANGEOVER","CHANGEOVER",NULL,NULL,NULL,NULL,NULL,NULL,NULL,NULL,NULL,NULL,NULL,NULL,NULL,NULL,NULL,NULL,NULL,NULL,"JOLIET SPEC",20,NULL
"166","SINGLE_STAGE","optimized_for_changeovers","2","2024-10-21 00:00:00","2024-10-21 02:44:33.303909+00","3813","74","1.318991452991453","0.3888888888888889","2024-10-25 01:17:08.212463","2024-10-25 02:36:16.581694",NULL,"0.10820000000000007","ON_TIME","FULL",NULL,"11133",NULL,"PRODUCTION","103",NULL,NULL,"OPEN","UNCONSUMED_FORECAST","2024-11-01 00:00:00",NULL,NULL,"0","0.10820000000000007","0","NOT_FULFILLED_BY_INVENTORY","0.10820000000000007","0","0","3.9416386378656214","BRITESORB IJ24 (22 LB x 35 BAGS)","Gasil IJ24","JOLIET SPEC",20,"0.699"
"166","SINGLE_STAGE","optimized_for_changeovers","2","2024-10-21 00:00:00","2024-10-21 02:44:33.303909+00","3814","74","0.025","0","2024-10-25 02:36:16.581694","2024-10-25 02:37:46.581694",NULL,NULL,NULL,NULL,NULL,NULL,"GRADE_CHANGEOVER","CHANGEOVER",NULL,NULL,NULL,NULL,NULL,NULL,NULL,NULL,NULL,NULL,NULL,NULL,NULL,NULL,NULL,NULL,NULL,NULL,"JOLIET SPEC",20,NULL
"166","SINGLE_STAGE","optimized_for_changeovers","2","2024-10-21 00:00:00","2024-10-21 02:44:33.303909+00","3815","74","9.496196839805009","2.8472222222222223","2024-10-25 02:37:46.581694","2024-10-25 12:07:32.890317",NULL,"0.2139744681716893","ON_TIME","FULL",NULL,"11178",NULL,"PRODUCTION","32","91407205","20","OPEN","CUSTOMER_ORDERS","2024-11-01 00:00:00",NULL,NULL,"7.786025531828311","0.2139744681716893","15729","PARTIALLY_FULFILLED_BY_INVENTORY","8","0","0","18.650374468171687","GASIL IJ37 (44 LB X 18 BAGS)","Gasil IJ37","JOLIET SPEC",20,"30.516"
"166","SINGLE_STAGE","optimized_for_changeovers","2","2024-10-21 00:00:00","2024-10-21 02:44:33.303909+00","3815","74","0","0","2024-10-25 02:37:46.581694","2024-10-25 12:07:32.890317",NULL,"0","ON_TIME","FULL",NULL,"11100",NULL,"PRODUCTION","32",NULL,NULL,"OPEN","UNCONSUMED_FORECAST","2024-11-01 00:00:00",NULL,NULL,"0.07959999999999993","0","0","FULFILLED_BY_INVENTORY","0.07959999999999993","7.865625531828311","7.786025531828311","18.650374468171687","GASIL IJ37 (44 LB X 18 BAGS)","Gasil IJ37","JOLIET SPEC",20,"30.516"
"166","SINGLE_STAGE","optimized_for_changeovers","2","2024-10-21 00:00:00","2024-10-21 02:44:33.303909+00","3815","74","0","0","2024-10-25 02:37:46.581694","2024-10-25 12:07:32.890317",NULL,"0","ON_TIME","FULL",NULL,"11179",NULL,"PRODUCTION","32","91406554","50","OPEN","CUSTOMER_ORDERS","2024-10-24 00:00:00",NULL,NULL,"4","0","23187","FULFILLED_BY_INVENTORY","4","11.86562553182831","7.865625531828311","18.650374468171687","GASIL IJ37 (44 LB X 18 BAGS)","Gasil IJ37","JOLIET SPEC",20,"30.516"
"166","SINGLE_STAGE","optimized_for_changeovers","2","2024-10-21 00:00:00","2024-10-21 02:44:33.303909+00","3816","74","0.0045000000000000005","0","2024-10-25 12:07:32.890317","2024-10-25 12:07:49.090317",NULL,NULL,NULL,NULL,NULL,NULL,"MATERIAL_CHANGEOVER","CHANGEOVER",NULL,NULL,NULL,NULL,NULL,NULL,NULL,NULL,NULL,NULL,NULL,NULL,NULL,NULL,NULL,NULL,NULL,NULL,"JOLIET SPEC",20,NULL
"166","SINGLE_STAGE","optimized_for_changeovers","2","2024-10-21 00:00:00","2024-10-21 02:44:33.303909+00","3817","74","113.3984871406959","34","2024-10-25 12:07:49.090317","2024-10-30 05:31:43.644024",NULL,"10","DELAYED","FULL",NULL,"11198",NULL,"PRODUCTION","50","91406717","10","OPEN","CUSTOMER_ORDERS","2024-10-25 00:00:00",NULL,NULL,"0","10","17264","NOT_FULFILLED_BY_INVENTORY","10","0","0","22.8706795472838","GASIL IJ37 (20 KG X 12 BAGS) - CHINA","Gasil IJ37","JOLIET SPEC",20,"14.16"
"166","SINGLE_STAGE","optimized_for_changeovers","2","2024-10-21 00:00:00","2024-10-21 02:44:33.303909+00","3817","74","0","0","2024-10-25 12:07:49.090317","2024-10-30 05:31:43.644024",NULL,"10","DELAYED","FULL",NULL,"11196",NULL,"PRODUCTION","50","91406718","10","OPEN","CUSTOMER_ORDERS","2024-10-26 00:00:00",NULL,NULL,"0","10","17264","NOT_FULFILLED_BY_INVENTORY","10","0","0","22.8706795472838","GASIL IJ37 (20 KG X 12 BAGS) - CHINA","Gasil IJ37","JOLIET SPEC",20,"14.16"
"166","SINGLE_STAGE","optimized_for_changeovers","2","2024-10-21 00:00:00","2024-10-21 02:44:33.303909+00","3817","74","0","0","2024-10-25 12:07:49.090317","2024-10-30 05:31:43.644024",NULL,"10","DELAYED","FULL",NULL,"11197",NULL,"PRODUCTION","50","91406943","10","OPEN","CUSTOMER_ORDERS","2024-10-27 00:00:00",NULL,NULL,"0","10","17264","NOT_FULFILLED_BY_INVENTORY","10","0","0","22.8706795472838","GASIL IJ37 (20 KG X 12 BAGS) - CHINA","Gasil IJ37","JOLIET SPEC",20,"14.16"
"166","SINGLE_STAGE","optimized_for_changeovers","2","2024-10-21 00:00:00","2024-10-21 02:44:33.303909+00","3817","74","0","0","2024-10-25 12:07:49.090317","2024-10-30 05:31:43.644024",NULL,"4","ON_TIME","FULL",NULL,"11192",NULL,"PRODUCTION","50","91407205","20","OPEN","CUSTOMER_ORDERS","2024-11-01 00:00:00",NULL,NULL,"0","4","30163","NOT_FULFILLED_BY_INVENTORY","4","0","0","22.8706795472838","GASIL IJ37 (20 KG X 12 BAGS) - CHINA","Gasil IJ37","JOLIET SPEC",20,"14.16"
"166","SINGLE_STAGE","optimized_for_changeovers","2","2024-10-21 00:00:00","2024-10-21 02:44:33.303909+00","3818","74","0.05","0","2024-10-30 05:31:43.644024","2024-10-30 05:34:43.644024",NULL,NULL,NULL,NULL,NULL,NULL,"GROUP_CHANGEOVER","CHANGEOVER",NULL,NULL,NULL,NULL,NULL,NULL,NULL,NULL,NULL,NULL,NULL,NULL,NULL,NULL,NULL,NULL,NULL,NULL,"JOLIET SPEC",20,NULL
"166","SINGLE_STAGE","optimized_for_changeovers","2","2024-10-21 00:00:00","2024-10-21 02:44:33.303909+00","3819","74","2.000000000110457","0.6350358342","2024-10-30 05:34:43.644024","2024-10-30 07:34:43.644024",NULL,"0","ON_TIME","FULL",NULL,"11119",NULL,"PRODUCTION","86",NULL,NULL,"OPEN","UNCONSUMED_FORECAST","2024-11-01 00:00:00",NULL,NULL,"0.08399999999999999","0","0","FULFILLED_BY_INVENTORY","0.08399999999999999","2.1","2.016","0","GASIL UV70C (15 KG X 14 BAGS)","Gasil UV70C","JOLIET SPEC",20,"2.1"
"167","SINGLE_STAGE","optimized_for_changeovers","2","2024-10-21 00:00:00","2024-10-21 02:44:40.722964+00","3820","74","4","1.3608","2024-10-21 05:00:00","2024-10-21 09:00:00",NULL,"0","ON_TIME","FULL",NULL,"11112",NULL,"PRODUCTION","44",NULL,NULL,"OPEN","UNCONSUMED_FORECAST","2024-11-15 00:00:00",NULL,NULL,"0.0654","0","0","FULFILLED_BY_INVENTORY","0.0654","2.6452","2.5798","0","GASIL 23FJ (30 LB X 12 BAGS)","Gasil 23FJ","JOLIET SPEC",20,"2.776"
"167","SINGLE_STAGE","optimized_for_changeovers","2","2024-10-21 00:00:00","2024-10-21 02:44:40.722964+00","3820","74","0","0","2024-10-21 05:00:00","2024-10-21 09:00:00",NULL,"0","ON_TIME","FULL",NULL,"11111",NULL,"PRODUCTION","44",NULL,NULL,"OPEN","UNCONSUMED_FORECAST","2024-11-08 00:00:00",NULL,NULL,"0.0654","0","0","FULFILLED_BY_INVENTORY","0.0654","2.7106","2.6452","0","GASIL 23FJ (30 LB X 12 BAGS)","Gasil 23FJ","JOLIET SPEC",20,"2.776"
"167","SINGLE_STAGE","optimized_for_changeovers","2","2024-10-21 00:00:00","2024-10-21 02:44:40.722964+00","3821","74","0.1","0","2024-10-21 09:00:00","2024-10-21 09:06:00",NULL,NULL,NULL,NULL,NULL,NULL,"GROUP_CHANGEOVER","CHANGEOVER",NULL,NULL,NULL,NULL,NULL,NULL,NULL,NULL,NULL,NULL,NULL,NULL,NULL,NULL,NULL,NULL,NULL,NULL,"JOLIET SPEC",20,NULL
"167","SINGLE_STAGE","optimized_for_changeovers","2","2024-10-21 00:00:00","2024-10-21 02:44:40.722964+00","3822","74","3.1258829595256508","0.611111111111111","2024-10-21 09:06:00","2024-10-21 12:13:33.178654",NULL,"0.13531840063317202","ON_TIME","FULL",NULL,"11206",NULL,"PRODUCTION","97","91407462","40","OPEN","CUSTOMER_ORDERS","2024-11-06 00:00:00",NULL,NULL,"1.864681599366828","0.13531840063317202","11448","PARTIALLY_FULFILLED_BY_INVENTORY","2","0","0","8.770318400633172","GASIL GM2 (44 LB X 24 BAGS)","Gasil GM2","JOLIET SPEC",20,"11.714"
"167","SINGLE_STAGE","optimized_for_changeovers","2","2024-10-21 00:00:00","2024-10-21 02:44:40.722964+00","3822","74","0","0","2024-10-21 09:06:00","2024-10-21 12:13:33.178654",NULL,"0.079","ON_TIME","FULL",NULL,"11125",NULL,"PRODUCTION","97",NULL,NULL,"OPEN","UNCONSUMED_FORECAST","2024-11-08 00:00:00",NULL,NULL,"0","0.079","0","NOT_FULFILLED_BY_INVENTORY","0.079","0","0","8.770318400633172","GASIL GM2 (44 LB X 24 BAGS)","Gasil GM2","JOLIET SPEC",20,"11.714"
"167","SINGLE_STAGE","optimized_for_changeovers","2","2024-10-21 00:00:00","2024-10-21 02:44:40.722964+00","3822","74","0","0","2024-10-21 09:06:00","2024-10-21 12:13:33.178654",NULL,"0.079","ON_TIME","FULL",NULL,"11126",NULL,"PRODUCTION","97",NULL,NULL,"OPEN","UNCONSUMED_FORECAST","2024-11-15 00:00:00",NULL,NULL,"0","0.079","0","NOT_FULFILLED_BY_INVENTORY","0.079","0","0","8.770318400633172","GASIL GM2 (44 LB X 24 BAGS)","Gasil GM2","JOLIET SPEC",20,"11.714"
"167","SINGLE_STAGE","optimized_for_changeovers","2","2024-10-21 00:00:00","2024-10-21 02:44:40.722964+00","3823","74","0.016666666666666666","0","2024-10-21 12:13:33.178654","2024-10-21 12:14:33.178654",NULL,NULL,NULL,NULL,NULL,NULL,"GROUP_CHANGEOVER","CHANGEOVER",NULL,NULL,NULL,NULL,NULL,NULL,NULL,NULL,NULL,NULL,NULL,NULL,NULL,NULL,NULL,NULL,NULL,NULL,"JOLIET SPEC",20,NULL
"167","SINGLE_STAGE","optimized_for_changeovers","2","2024-10-21 00:00:00","2024-10-21 02:44:40.722964+00","3824","74","44.77324978540772","14.196","2024-10-21 12:14:33.178654","2024-10-23 09:00:56.877881",NULL,"8","ON_TIME","FULL",NULL,"11144",NULL,"PRODUCTION","11","91407802","10","OPEN","CUSTOMER_ORDERS","2024-11-08 00:00:00",NULL,NULL,"0","8","13759","NOT_FULFILLED_BY_INVENTORY","8","0","0","13.340521263269945","GASIL HP210 (15 kg x 14 Bags)","Gasil HP210","JOLIET SPEC",20,"0.42"
"167","SINGLE_STAGE","optimized_for_changeovers","2","2024-10-21 00:00:00","2024-10-21 02:44:40.722964+00","3824","74","0","0","2024-10-21 12:14:33.178654","2024-10-23 09:00:56.877881",NULL,"0.09799999999999968","ON_TIME","FULL",NULL,"11043",NULL,"PRODUCTION","11",NULL,NULL,"OPEN","UNCONSUMED_FORECAST","2024-11-08 00:00:00",NULL,NULL,"0","0.09799999999999968","0","NOT_FULFILLED_BY_INVENTORY","0.09799999999999968","0","0","13.340521263269945","GASIL HP210 (15 kg x 14 Bags)","Gasil HP210","JOLIET SPEC",20,"0.42"
"167","SINGLE_STAGE","optimized_for_changeovers","2","2024-10-21 00:00:00","2024-10-21 02:44:40.722964+00","3824","74","0","0","2024-10-21 12:14:33.178654","2024-10-23 09:00:56.877881",NULL,"4","ON_TIME","FULL",NULL,"11147",NULL,"PRODUCTION","11","91407794","20","OPEN","CUSTOMER_ORDERS","2024-11-09 00:00:00",NULL,NULL,"0","4","6761","NOT_FULFILLED_BY_INVENTORY","4","0","0","13.340521263269945","GASIL HP210 (15 kg x 14 Bags)","Gasil HP210","JOLIET SPEC",20,"0.42"
"167","SINGLE_STAGE","optimized_for_changeovers","2","2024-10-21 00:00:00","2024-10-21 02:44:40.722964+00","3824","74","0","0","2024-10-21 12:14:33.178654","2024-10-23 09:00:56.877881",NULL,"2","ON_TIME","FULL",NULL,"11148",NULL,"PRODUCTION","11","91407953","10","OPEN","CUSTOMER_ORDERS","2024-11-14 00:00:00",NULL,NULL,"0","2","10877","NOT_FULFILLED_BY_INVENTORY","2","0","0","13.340521263269945","GASIL HP210 (15 kg x 14 Bags)","Gasil HP210","JOLIET SPEC",20,"0.42"
"167","SINGLE_STAGE","optimized_for_changeovers","2","2024-10-21 00:00:00","2024-10-21 02:44:40.722964+00","3824","74","0","0","2024-10-21 12:14:33.178654","2024-10-23 09:00:56.877881",NULL,"0.09799999999999968","ON_TIME","FULL",NULL,"11044",NULL,"PRODUCTION","11",NULL,NULL,"OPEN","UNCONSUMED_FORECAST","2024-11-15 00:00:00",NULL,NULL,"0","0.09799999999999968","0","NOT_FULFILLED_BY_INVENTORY","0.09799999999999968","0","0","13.340521263269945","GASIL HP210 (15 kg x 14 Bags)","Gasil HP210","JOLIET SPEC",20,"0.42"
"167","SINGLE_STAGE","optimized_for_changeovers","2","2024-10-21 00:00:00","2024-10-21 02:44:40.722964+00","3825","74","0.0045000000000000005","0","2024-10-23 09:00:56.877881","2024-10-23 09:01:13.077881",NULL,NULL,NULL,NULL,NULL,NULL,"MATERIAL_CHANGEOVER","CHANGEOVER",NULL,NULL,NULL,NULL,NULL,NULL,NULL,NULL,NULL,NULL,NULL,NULL,NULL,NULL,NULL,NULL,NULL,NULL,"JOLIET SPEC",20,NULL
"167","SINGLE_STAGE","optimized_for_changeovers","2","2024-10-21 00:00:00","2024-10-21 02:44:40.722964+00","3826","74","3.5919806072166582","1.1388888888888888","2024-10-23 09:01:13.077881","2024-10-23 12:36:44.208067",NULL,"0.028800000000000027","ON_TIME","FULL",NULL,"11053",NULL,"PRODUCTION","12",NULL,NULL,"OPEN","UNCONSUMED_FORECAST","2024-11-08 00:00:00",NULL,NULL,"0","0.028800000000000027","0","NOT_FULFILLED_BY_INVENTORY","0.028800000000000027","0","0","14.77414305570049","GASIL HP210 (30 LB X 21 BAGS)","Gasil HP210","JOLIET SPEC",20,"10.859"
"167","SINGLE_STAGE","optimized_for_changeovers","2","2024-10-21 00:00:00","2024-10-21 02:44:40.722964+00","3826","74","0","0","2024-10-23 09:01:13.077881","2024-10-23 12:36:44.208067",NULL,"0.028800000000000027","ON_TIME","FULL",NULL,"11054",NULL,"PRODUCTION","12",NULL,NULL,"OPEN","UNCONSUMED_FORECAST","2024-11-15 00:00:00",NULL,NULL,"0","0.028800000000000027","0","NOT_FULFILLED_BY_INVENTORY","0.028800000000000027","0","0","14.77414305570049","GASIL HP210 (30 LB X 21 BAGS)","Gasil HP210","JOLIET SPEC",20,"10.859"
"167","SINGLE_STAGE","optimized_for_changeovers","2","2024-10-21 00:00:00","2024-10-21 02:44:40.722964+00","3827","74","0.03333333333333333","0","2024-10-23 12:36:44.208067","2024-10-23 12:38:44.208067",NULL,NULL,NULL,NULL,NULL,NULL,"GRADE_CHANGEOVER","CHANGEOVER",NULL,NULL,NULL,NULL,NULL,NULL,NULL,NULL,NULL,NULL,NULL,NULL,NULL,NULL,NULL,NULL,NULL,NULL,"JOLIET SPEC",20,NULL
"167","SINGLE_STAGE","optimized_for_changeovers","2","2024-10-21 00:00:00","2024-10-21 02:44:40.722964+00","3828","74","2.3747753942060874","0.6527777777777778","2024-10-23 12:38:44.208067","2024-10-23 15:01:13.399486",NULL,"0","ON_TIME","FULL",NULL,"11073",NULL,"PRODUCTION","20",NULL,NULL,"OPEN","UNCONSUMED_FORECAST","2024-11-15 00:00:00",NULL,NULL,"0.04500000000000002","0","0","FULFILLED_BY_INVENTORY","0.04500000000000002","1.2537732700639364","1.2087732700639364","3.411226729936065","GASIL HP260 (30 LB X 18 BAGS)","Gasil HP260","JOLIET SPEC",20,"8.818"
"167","SINGLE_STAGE","optimized_for_changeovers","2","2024-10-21 00:00:00","2024-10-21 02:44:40.722964+00","3828","74","0","0","2024-10-23 12:38:44.208067","2024-10-23 15:01:13.399486",NULL,"0","ON_TIME","FULL",NULL,"11072",NULL,"PRODUCTION","20",NULL,NULL,"OPEN","UNCONSUMED_FORECAST","2024-11-08 00:00:00",NULL,NULL,"0.04500000000000002","0","0","FULFILLED_BY_INVENTORY","0.04500000000000002","1.2987732700639363","1.2537732700639364","3.411226729936065","GASIL HP260 (30 LB X 18 BAGS)","Gasil HP260","JOLIET SPEC",20,"8.818"
"167","SINGLE_STAGE","optimized_for_changeovers","2","2024-10-21 00:00:00","2024-10-21 02:44:40.722964+00","3829","74","2","0.4254","2024-10-23 15:01:13.399486","2024-10-23 17:01:13.399486",NULL,"0","ON_TIME","FULL",NULL,"11106",NULL,"PRODUCTION","43",NULL,NULL,"OPEN","UNCONSUMED_FORECAST","2024-11-08 00:00:00",NULL,NULL,"0.094","0","0","FULFILLED_BY_INVENTORY","0.094","4.255999999999999","4.161999999999999","0","GASIL HP870 (15 KG X 14 BAGS)","Gasil HP870","JOLIET SPEC",20,"7.35"
"167","SINGLE_STAGE","optimized_for_changeovers","2","2024-10-21 00:00:00","2024-10-21 02:44:40.722964+00","3829","74","0","0","2024-10-23 15:01:13.399486","2024-10-23 17:01:13.399486",NULL,"0","ON_TIME","FULL",NULL,"11107",NULL,"PRODUCTION","43",NULL,NULL,"OPEN","UNCONSUMED_FORECAST","2024-11-15 00:00:00",NULL,NULL,"0.094","0","0","FULFILLED_BY_INVENTORY","0.094","4.161999999999999","4.067999999999999","0","GASIL HP870 (15 KG X 14 BAGS)","Gasil HP870","JOLIET SPEC",20,"7.35"
"167","SINGLE_STAGE","optimized_for_changeovers","2","2024-10-21 00:00:00","2024-10-21 02:44:40.722964+00","3829","74","0","0","2024-10-23 15:01:13.399486","2024-10-23 17:01:13.399486",NULL,"0","ON_TIME","FULL",NULL,"11186",NULL,"PRODUCTION","43","91407462","40","OPEN","CUSTOMER_ORDERS","2024-11-06 00:00:00",NULL,NULL,"1","0","4067","FULFILLED_BY_INVENTORY","1","5.255999999999999","4.255999999999999","0","GASIL HP870 (15 KG X 14 BAGS)","Gasil HP870","JOLIET SPEC",20,"7.35"
"167","SINGLE_STAGE","optimized_for_changeovers","2","2024-10-21 00:00:00","2024-10-21 02:44:40.722964+00","3830","74","0.016666666666666666","0","2024-10-23 17:01:13.399486","2024-10-23 17:02:13.399486",NULL,NULL,NULL,NULL,NULL,NULL,"GROUP_CHANGEOVER","CHANGEOVER",NULL,NULL,NULL,NULL,NULL,NULL,NULL,NULL,NULL,NULL,NULL,NULL,NULL,NULL,NULL,NULL,NULL,NULL,"JOLIET SPEC",20,NULL
"167","SINGLE_STAGE","optimized_for_changeovers","2","2024-10-21 00:00:00","2024-10-21 02:44:40.722964+00","3831","74","8.89230736866574","2.621790705630378","2024-10-23 17:02:13.399486","2024-10-24 01:55:45.706013",NULL,"2.621790705630378","ON_TIME","FULL",NULL,"11176",NULL,"PRODUCTION","30","91408016","10","OPEN","CUSTOMER_ORDERS","2024-11-15 00:00:00",NULL,NULL,"11.378209294369622","2.621790705630378","79044","PARTIALLY_FULFILLED_BY_INVENTORY","14","0","0","13.943790705630382","GASIL IJ24 (44 LB X 18 BAGS)","Gasil IJ24","JOLIET SPEC",20,"26.225"
"167","SINGLE_STAGE","optimized_for_changeovers","2","2024-10-21 00:00:00","2024-10-21 02:44:40.722964+00","3831","74","0","0","2024-10-23 17:02:13.399486","2024-10-24 01:55:45.706013",NULL,"0","ON_TIME","FULL",NULL,"11092",NULL,"PRODUCTION","30",NULL,NULL,"OPEN","UNCONSUMED_FORECAST","2024-11-08 00:00:00",NULL,NULL,"0.07399999999999984","0","0","FULFILLED_BY_INVENTORY","0.07399999999999984","11.526209294369622","11.452209294369622","13.943790705630382","GASIL IJ24 (44 LB X 18 BAGS)","Gasil IJ24","JOLIET SPEC",20,"26.225"
"167","SINGLE_STAGE","optimized_for_changeovers","2","2024-10-21 00:00:00","2024-10-21 02:44:40.722964+00","3831","74","0","0","2024-10-23 17:02:13.399486","2024-10-24 01:55:45.706013",NULL,"0","ON_TIME","FULL",NULL,"11093",NULL,"PRODUCTION","30",NULL,NULL,"OPEN","UNCONSUMED_FORECAST","2024-11-15 00:00:00",NULL,NULL,"0.07399999999999984","0","0","FULFILLED_BY_INVENTORY","0.07399999999999984","11.452209294369622","11.378209294369622","13.943790705630382","GASIL IJ24 (44 LB X 18 BAGS)","Gasil IJ24","JOLIET SPEC",20,"26.225"
"167","SINGLE_STAGE","optimized_for_changeovers","2","2024-10-21 00:00:00","2024-10-21 02:44:40.722964+00","3832","74","0.0015","0","2024-10-24 01:55:45.706013","2024-10-24 01:55:51.106013",NULL,NULL,NULL,NULL,NULL,NULL,"MATERIAL_CHANGEOVER","CHANGEOVER",NULL,NULL,NULL,NULL,NULL,NULL,NULL,NULL,NULL,NULL,NULL,NULL,NULL,NULL,NULL,NULL,NULL,NULL,"JOLIET SPEC",20,NULL
"167","SINGLE_STAGE","optimized_for_changeovers","2","2024-10-21 00:00:00","2024-10-21 02:44:40.722964+00","3833","74","14.300731446153847","4.2164","2024-10-24 01:55:51.106013","2024-10-24 16:13:53.739219",NULL,"0.10820000000000007","ON_TIME","FULL",NULL,"11134",NULL,"PRODUCTION","103",NULL,NULL,"OPEN","UNCONSUMED_FORECAST","2024-11-08 00:00:00",NULL,NULL,"0","0.10820000000000007","0","NOT_FULFILLED_BY_INVENTORY","0.10820000000000007","0","0","3.9416386378656214","BRITESORB IJ24 (22 LB x 35 BAGS)","Gasil IJ24","JOLIET SPEC",20,"0.699"
"167","SINGLE_STAGE","optimized_for_changeovers","2","2024-10-21 00:00:00","2024-10-21 02:44:40.722964+00","3833","74","0","0","2024-10-24 01:55:51.106013","2024-10-24 16:13:53.739219",NULL,"3","ON_TIME","FULL",NULL,"11208",NULL,"PRODUCTION","103","91407789","10","OPEN","CUSTOMER_ORDERS","2024-11-10 00:00:00",NULL,NULL,"0","3","15674","NOT_FULFILLED_BY_INVENTORY","3","0","0","3.9416386378656214","BRITESORB IJ24 (22 LB x 35 BAGS)","Gasil IJ24","JOLIET SPEC",20,"0.699"
"167","SINGLE_STAGE","optimized_for_changeovers","2","2024-10-21 00:00:00","2024-10-21 02:44:40.722964+00","3833","74","0","0","2024-10-24 01:55:51.106013","2024-10-24 16:13:53.739219",NULL,"1","ON_TIME","FULL",NULL,"11209",NULL,"PRODUCTION","103","91407788","10","OPEN","CUSTOMER_ORDERS","2024-11-10 00:00:00",NULL,NULL,"0","1","4702","NOT_FULFILLED_BY_INVENTORY","1","0","0","3.9416386378656214","BRITESORB IJ24 (22 LB x 35 BAGS)","Gasil IJ24","JOLIET SPEC",20,"0.699"
"167","SINGLE_STAGE","optimized_for_changeovers","2","2024-10-21 00:00:00","2024-10-21 02:44:40.722964+00","3833","74","0","0","2024-10-24 01:55:51.106013","2024-10-24 16:13:53.739219",NULL,"0.10820000000000007","ON_TIME","FULL",NULL,"11135",NULL,"PRODUCTION","103",NULL,NULL,"OPEN","UNCONSUMED_FORECAST","2024-11-15 00:00:00",NULL,NULL,"0","0.10820000000000007","0","NOT_FULFILLED_BY_INVENTORY","0.10820000000000007","0","0","3.9416386378656214","BRITESORB IJ24 (22 LB x 35 BAGS)","Gasil IJ24","JOLIET SPEC",20,"0.699"
"167","SINGLE_STAGE","optimized_for_changeovers","2","2024-10-21 00:00:00","2024-10-21 02:44:40.722964+00","3834","74","0.025","0","2024-10-24 16:13:53.739219","2024-10-24 16:15:23.739219",NULL,NULL,NULL,NULL,NULL,NULL,"GRADE_CHANGEOVER","CHANGEOVER",NULL,NULL,NULL,NULL,NULL,NULL,NULL,NULL,NULL,NULL,NULL,NULL,NULL,NULL,NULL,NULL,NULL,NULL,"JOLIET SPEC",20,NULL
"167","SINGLE_STAGE","optimized_for_changeovers","2","2024-10-21 00:00:00","2024-10-21 02:44:40.722964+00","3835","74","17.207219848714068","5.1592","2024-10-24 16:15:23.739219","2024-10-25 09:27:49.730674",NULL,"5","ON_TIME","FULL",NULL,"11183",NULL,"PRODUCTION","32","91407462","40","OPEN","CUSTOMER_ORDERS","2024-11-06 00:00:00",NULL,NULL,"0","5","38385","NOT_FULFILLED_BY_INVENTORY","5","0","0","18.650374468171687","GASIL IJ37 (44 LB X 18 BAGS)","Gasil IJ37","JOLIET SPEC",20,"30.516"
"167","SINGLE_STAGE","optimized_for_changeovers","2","2024-10-21 00:00:00","2024-10-21 02:44:40.722964+00","3835","74","0","0","2024-10-24 16:15:23.739219","2024-10-25 09:27:49.730674",NULL,"0.07959999999999993","ON_TIME","FULL",NULL,"11101",NULL,"PRODUCTION","32",NULL,NULL,"OPEN","UNCONSUMED_FORECAST","2024-11-08 00:00:00",NULL,NULL,"0","0.07959999999999993","0","NOT_FULFILLED_BY_INVENTORY","0.07959999999999993","0","0","18.650374468171687","GASIL IJ37 (44 LB X 18 BAGS)","Gasil IJ37","JOLIET SPEC",20,"30.516"
"167","SINGLE_STAGE","optimized_for_changeovers","2","2024-10-21 00:00:00","2024-10-21 02:44:40.722964+00","3835","74","0","0","2024-10-24 16:15:23.739219","2024-10-25 09:27:49.730674",NULL,"0.07959999999999993","ON_TIME","FULL",NULL,"11102",NULL,"PRODUCTION","32",NULL,NULL,"OPEN","UNCONSUMED_FORECAST","2024-11-15 00:00:00",NULL,NULL,"0","0.07959999999999993","0","NOT_FULFILLED_BY_INVENTORY","0.07959999999999993","0","0","18.650374468171687","GASIL IJ37 (44 LB X 18 BAGS)","Gasil IJ37","JOLIET SPEC",20,"30.516"
"167","SINGLE_STAGE","optimized_for_changeovers","2","2024-10-21 00:00:00","2024-10-21 02:44:40.722964+00","3836","74","0.0045000000000000005","0","2024-10-25 09:27:49.730674","2024-10-25 09:28:05.930674",NULL,NULL,NULL,NULL,NULL,NULL,"MATERIAL_CHANGEOVER","CHANGEOVER",NULL,NULL,NULL,NULL,NULL,NULL,NULL,NULL,NULL,NULL,NULL,NULL,NULL,NULL,NULL,NULL,NULL,NULL,"JOLIET SPEC",20,NULL
"167","SINGLE_STAGE","optimized_for_changeovers","2","2024-10-21 00:00:00","2024-10-21 02:44:40.722964+00","3837","74","16.67624810892587","5","2024-10-25 09:28:05.930674","2024-10-26 02:08:40.423866",NULL,"5","ON_TIME","FULL",NULL,"11203",NULL,"PRODUCTION","50","91408143","10","OPEN","CUSTOMER_ORDERS","2024-11-15 00:00:00",NULL,NULL,"0","5","12352","NOT_FULFILLED_BY_INVENTORY","5","0","0","22.8706795472838","GASIL IJ37 (20 KG X 12 BAGS) - CHINA","Gasil IJ37","JOLIET SPEC",20,"14.16"
"167","SINGLE_STAGE","optimized_for_changeovers","2","2024-10-21 00:00:00","2024-10-21 02:44:40.722964+00","3838","74","0.05","0","2024-10-26 02:08:40.423866","2024-10-26 02:11:40.423866",NULL,NULL,NULL,NULL,NULL,NULL,"GROUP_CHANGEOVER","CHANGEOVER",NULL,NULL,NULL,NULL,NULL,NULL,NULL,NULL,NULL,NULL,NULL,NULL,NULL,NULL,NULL,NULL,NULL,NULL,"JOLIET SPEC",20,NULL
"167","SINGLE_STAGE","optimized_for_changeovers","2","2024-10-21 00:00:00","2024-10-21 02:44:40.722964+00","3839","74","2.000000000110457","0.6350358342","2024-10-26 02:11:40.423866","2024-10-26 04:11:40.423866",NULL,"0","ON_TIME","FULL",NULL,"11120",NULL,"PRODUCTION","86",NULL,NULL,"OPEN","UNCONSUMED_FORECAST","2024-11-08 00:00:00",NULL,NULL,"0.08399999999999999","0","0","FULFILLED_BY_INVENTORY","0.08399999999999999","2.016","1.932","0","GASIL UV70C (15 KG X 14 BAGS)","Gasil UV70C","JOLIET SPEC",20,"2.1"
"167","SINGLE_STAGE","optimized_for_changeovers","2","2024-10-21 00:00:00","2024-10-21 02:44:40.722964+00","3839","74","0","0","2024-10-26 02:11:40.423866","2024-10-26 04:11:40.423866",NULL,"0","ON_TIME","FULL",NULL,"11121",NULL,"PRODUCTION","86",NULL,NULL,"OPEN","UNCONSUMED_FORECAST","2024-11-15 00:00:00",NULL,NULL,"0.08399999999999999","0","0","FULFILLED_BY_INVENTORY","0.08399999999999999","1.932","1.8479999999999999","0","GASIL UV70C (15 KG X 14 BAGS)","Gasil UV70C","JOLIET SPEC",20,"2.1"
"168","SINGLE_STAGE","optimized_for_changeovers","2","2024-10-21 00:00:00","2024-10-21 02:44:45.535027+00","3840","74","4","1.3608","2024-10-21 05:00:00","2024-10-21 09:00:00",NULL,"0","ON_TIME","FULL",NULL,"11113",NULL,"PRODUCTION","44",NULL,NULL,"OPEN","UNCONSUMED_FORECAST","2024-11-22 00:00:00",NULL,NULL,"0.0654","0","0","FULFILLED_BY_INVENTORY","0.0654","2.5798","2.5144","0","GASIL 23FJ (30 LB X 12 BAGS)","Gasil 23FJ","JOLIET SPEC",20,"2.776"
"168","SINGLE_STAGE","optimized_for_changeovers","2","2024-10-21 00:00:00","2024-10-21 02:44:45.535027+00","3840","74","0","0","2024-10-21 05:00:00","2024-10-21 09:00:00",NULL,"0","ON_TIME","FULL",NULL,"11114",NULL,"PRODUCTION","44",NULL,NULL,"OPEN","UNCONSUMED_FORECAST","2024-11-29 00:00:00",NULL,NULL,"0.0654","0","0","FULFILLED_BY_INVENTORY","0.0654","2.5144","2.4490000000000003","0","GASIL 23FJ (30 LB X 12 BAGS)","Gasil 23FJ","JOLIET SPEC",20,"2.776"
"168","SINGLE_STAGE","optimized_for_changeovers","2","2024-10-21 00:00:00","2024-10-21 02:44:45.535027+00","3841","74","0.1","0","2024-10-21 09:00:00","2024-10-21 09:06:00",NULL,NULL,NULL,NULL,NULL,NULL,"GROUP_CHANGEOVER","CHANGEOVER",NULL,NULL,NULL,NULL,NULL,NULL,NULL,NULL,NULL,NULL,NULL,NULL,NULL,NULL,NULL,NULL,NULL,NULL,"JOLIET SPEC",20,NULL
"168","SINGLE_STAGE","optimized_for_changeovers","2","2024-10-21 00:00:00","2024-10-21 02:44:45.535027+00","3842","74","3.1258829595256508","0.611111111111111","2024-10-21 09:06:00","2024-10-21 12:13:33.178654",NULL,"0.079","ON_TIME","FULL",NULL,"11127",NULL,"PRODUCTION","97",NULL,NULL,"OPEN","UNCONSUMED_FORECAST","2024-11-22 00:00:00",NULL,NULL,"0","0.079","0","NOT_FULFILLED_BY_INVENTORY","0.079","0","0","8.770318400633172","GASIL GM2 (44 LB X 24 BAGS)","Gasil GM2","JOLIET SPEC",20,"11.714"
"168","SINGLE_STAGE","optimized_for_changeovers","2","2024-10-21 00:00:00","2024-10-21 02:44:45.535027+00","3842","74","0","0","2024-10-21 09:06:00","2024-10-21 12:13:33.178654",NULL,"0.079","ON_TIME","FULL",NULL,"11128",NULL,"PRODUCTION","97",NULL,NULL,"OPEN","UNCONSUMED_FORECAST","2024-11-29 00:00:00",NULL,NULL,"0","0.079","0","NOT_FULFILLED_BY_INVENTORY","0.079","0","0","8.770318400633172","GASIL GM2 (44 LB X 24 BAGS)","Gasil GM2","JOLIET SPEC",20,"11.714"
"168","SINGLE_STAGE","optimized_for_changeovers","2","2024-10-21 00:00:00","2024-10-21 02:44:45.535027+00","3843","74","0.016666666666666666","0","2024-10-21 12:13:33.178654","2024-10-21 12:14:33.178654",NULL,NULL,NULL,NULL,NULL,NULL,"GROUP_CHANGEOVER","CHANGEOVER",NULL,NULL,NULL,NULL,NULL,NULL,NULL,NULL,NULL,NULL,NULL,NULL,NULL,NULL,NULL,NULL,NULL,NULL,"JOLIET SPEC",20,NULL
"168","SINGLE_STAGE","optimized_for_changeovers","2","2024-10-21 00:00:00","2024-10-21 02:44:45.535027+00","3844","74","3.4605666825623906","1.0972222222222223","2024-10-21 12:14:33.178654","2024-10-21 15:42:11.218711",NULL,"0.09799999999999968","ON_TIME","FULL",NULL,"11045",NULL,"PRODUCTION","11",NULL,NULL,"OPEN","UNCONSUMED_FORECAST","2024-11-22 00:00:00",NULL,NULL,"0","0.09799999999999968","0","NOT_FULFILLED_BY_INVENTORY","0.09799999999999968","0","0","13.340521263269945","GASIL HP210 (15 kg x 14 Bags)","Gasil HP210","JOLIET SPEC",20,"0.42"
"168","SINGLE_STAGE","optimized_for_changeovers","2","2024-10-21 00:00:00","2024-10-21 02:44:45.535027+00","3844","74","0","0","2024-10-21 12:14:33.178654","2024-10-21 15:42:11.218711",NULL,"0.09799999999999968","ON_TIME","FULL",NULL,"11046",NULL,"PRODUCTION","11",NULL,NULL,"OPEN","UNCONSUMED_FORECAST","2024-11-29 00:00:00",NULL,NULL,"0","0.09799999999999968","0","NOT_FULFILLED_BY_INVENTORY","0.09799999999999968","0","0","13.340521263269945","GASIL HP210 (15 kg x 14 Bags)","Gasil HP210","JOLIET SPEC",20,"0.42"
"168","SINGLE_STAGE","optimized_for_changeovers","2","2024-10-21 00:00:00","2024-10-21 02:44:45.535027+00","3845","74","0.0045000000000000005","0","2024-10-21 15:42:11.218711","2024-10-21 15:42:27.418711",NULL,NULL,NULL,NULL,NULL,NULL,"MATERIAL_CHANGEOVER","CHANGEOVER",NULL,NULL,NULL,NULL,NULL,NULL,NULL,NULL,NULL,NULL,NULL,NULL,NULL,NULL,NULL,NULL,NULL,NULL,"JOLIET SPEC",20,NULL
"168","SINGLE_STAGE","optimized_for_changeovers","2","2024-10-21 00:00:00","2024-10-21 02:44:45.535027+00","3846","74","15.951337567954218","5.0576","2024-10-21 15:42:27.418711","2024-10-22 07:39:32.233956",NULL,"5","ON_TIME","FULL",NULL,"11150",NULL,"PRODUCTION","12","91408420","30","OPEN","CUSTOMER_ORDERS","2024-11-21 00:00:00",NULL,NULL,"0","5","29624","NOT_FULFILLED_BY_INVENTORY","5","0","0","14.77414305570049","GASIL HP210 (30 LB X 21 BAGS)","Gasil HP210","JOLIET SPEC",20,"10.859"
"168","SINGLE_STAGE","optimized_for_changeovers","2","2024-10-21 00:00:00","2024-10-21 02:44:45.535027+00","3846","74","0","0","2024-10-21 15:42:27.418711","2024-10-22 07:39:32.233956",NULL,"0.028800000000000027","ON_TIME","FULL",NULL,"11055",NULL,"PRODUCTION","12",NULL,NULL,"OPEN","UNCONSUMED_FORECAST","2024-11-22 00:00:00",NULL,NULL,"0","0.028800000000000027","0","NOT_FULFILLED_BY_INVENTORY","0.028800000000000027","0","0","14.77414305570049","GASIL HP210 (30 LB X 21 BAGS)","Gasil HP210","JOLIET SPEC",20,"10.859"
"168","SINGLE_STAGE","optimized_for_changeovers","2","2024-10-21 00:00:00","2024-10-21 02:44:45.535027+00","3846","74","0","0","2024-10-21 15:42:27.418711","2024-10-22 07:39:32.233956",NULL,"0.028800000000000027","ON_TIME","FULL",NULL,"11056",NULL,"PRODUCTION","12",NULL,NULL,"OPEN","UNCONSUMED_FORECAST","2024-11-29 00:00:00",NULL,NULL,"0","0.028800000000000027","0","NOT_FULFILLED_BY_INVENTORY","0.028800000000000027","0","0","14.77414305570049","GASIL HP210 (30 LB X 21 BAGS)","Gasil HP210","JOLIET SPEC",20,"10.859"
"168","SINGLE_STAGE","optimized_for_changeovers","2","2024-10-21 00:00:00","2024-10-21 02:44:45.535027+00","3847","74","0.025","0","2024-10-22 07:39:32.233956","2024-10-22 07:41:02.233956",NULL,NULL,NULL,NULL,NULL,NULL,"GRADE_CHANGEOVER","CHANGEOVER",NULL,NULL,NULL,NULL,NULL,NULL,NULL,NULL,NULL,NULL,NULL,NULL,NULL,NULL,NULL,NULL,NULL,NULL,"JOLIET SPEC",20,NULL
"168","SINGLE_STAGE","optimized_for_changeovers","2","2024-10-21 00:00:00","2024-10-21 02:44:45.535027+00","3848","74","2.0000000002336957","0.66769482","2024-10-22 07:41:02.233956","2024-10-22 09:41:02.233957",NULL,"0","ON_TIME","FULL",NULL,"11155",NULL,"PRODUCTION","14","91409173","30","OPEN","CUSTOMER_ORDERS","2024-12-01 00:00:00",NULL,NULL,"1","0","9703","FULFILLED_BY_INVENTORY","1","9.43","8.43","0","GASIL HP220 (30 LB X 21 BAGS)","Gasil HP220","JOLIET SPEC",20,"9.43"
"168","SINGLE_STAGE","optimized_for_changeovers","2","2024-10-21 00:00:00","2024-10-21 02:44:45.535027+00","3849","74","0.03333333333333333","0","2024-10-22 09:41:02.233957","2024-10-22 09:43:02.233957",NULL,NULL,NULL,NULL,NULL,NULL,"GRADE_CHANGEOVER","CHANGEOVER",NULL,NULL,NULL,NULL,NULL,NULL,NULL,NULL,NULL,NULL,NULL,NULL,NULL,NULL,NULL,NULL,NULL,NULL,"JOLIET SPEC",20,NULL
"168","SINGLE_STAGE","optimized_for_changeovers","2","2024-10-21 00:00:00","2024-10-21 02:44:45.535027+00","3850","74","14.450760909424273","3.972222222222222","2024-10-22 09:43:02.233957","2024-10-23 00:10:04.973231",NULL,"0","ON_TIME","FULL",NULL,"11163",NULL,"PRODUCTION","18","91408943","10","OPEN","CUSTOMER_ORDERS","2024-11-29 00:00:00",NULL,NULL,"7","0","11721","FULFILLED_BY_INVENTORY","7","34.34936869685724","27.34936869685724","19.950631303142753","GASIL HP260 (12.5 kg x 14 Bags)","Gasil HP260","JOLIET SPEC",20,"69.3"
"168","SINGLE_STAGE","optimized_for_changeovers","2","2024-10-21 00:00:00","2024-10-21 02:44:45.535027+00","3850","74","0","0","2024-10-22 09:43:02.233957","2024-10-23 00:10:04.973231",NULL,"0","ON_TIME","FULL",NULL,"11162",NULL,"PRODUCTION","18","91408465","20","OPEN","CUSTOMER_ORDERS","2024-11-22 00:00:00",NULL,NULL,"6","0","10334","FULFILLED_BY_INVENTORY","6","40.34936869685724","34.34936869685724","19.950631303142753","GASIL HP260 (12.5 kg x 14 Bags)","Gasil HP260","JOLIET SPEC",20,"69.3"
"168","SINGLE_STAGE","optimized_for_changeovers","2","2024-10-21 00:00:00","2024-10-21 02:44:45.535027+00","3851","74","0.004833333333333333","0","2024-10-23 00:10:04.973231","2024-10-23 00:10:22.373231",NULL,NULL,NULL,NULL,NULL,NULL,"MATERIAL_CHANGEOVER","CHANGEOVER",NULL,NULL,NULL,NULL,NULL,NULL,NULL,NULL,NULL,NULL,NULL,NULL,NULL,NULL,NULL,NULL,NULL,NULL,"JOLIET SPEC",20,NULL
"168","SINGLE_STAGE","optimized_for_changeovers","2","2024-10-21 00:00:00","2024-10-21 02:44:45.535027+00","3852","74","21.64582508250825","5.95","2024-10-23 00:10:22.373231","2024-10-23 21:49:07.343528",NULL,"5.95","ON_TIME","FULL",NULL,"11165",NULL,"PRODUCTION","19","91409066","10","OPEN","CUSTOMER_ORDERS","2024-11-30 00:00:00",NULL,NULL,"1.05","5.95","15626","PARTIALLY_FULFILLED_BY_INVENTORY","7","0","0","0","GASIL HP260 (12.5 KG X 14 BAGS) - CHINA","Gasil HP260","JOLIET SPEC",20,"1.05"
"168","SINGLE_STAGE","optimized_for_changeovers","2","2024-10-21 00:00:00","2024-10-21 02:44:45.535027+00","3853","74","0.004333333333333333","0","2024-10-23 21:49:07.343528","2024-10-23 21:49:22.943528",NULL,NULL,NULL,NULL,NULL,NULL,"MATERIAL_CHANGEOVER","CHANGEOVER",NULL,NULL,NULL,NULL,NULL,NULL,NULL,NULL,NULL,NULL,NULL,NULL,NULL,NULL,NULL,NULL,NULL,NULL,"JOLIET SPEC",20,NULL
"168","SINGLE_STAGE","optimized_for_changeovers","2","2024-10-21 00:00:00","2024-10-21 02:44:45.535027+00","3854","74","2.3747753942060874","0.6527777777777778","2024-10-23 21:49:22.943528","2024-10-24 00:11:52.134947",NULL,"0","ON_TIME","FULL",NULL,"11168",NULL,"PRODUCTION","20","91408675","10","OPEN","CUSTOMER_ORDERS","2024-11-27 00:00:00",NULL,NULL,"1","0","3912","FULFILLED_BY_INVENTORY","1","1.1637732700639365","0.1637732700639365","3.411226729936065","GASIL HP260 (30 LB X 18 BAGS)","Gasil HP260","JOLIET SPEC",20,"8.818"
"168","SINGLE_STAGE","optimized_for_changeovers","2","2024-10-21 00:00:00","2024-10-21 02:44:45.535027+00","3854","74","0","0","2024-10-23 21:49:22.943528","2024-10-24 00:11:52.134947",NULL,"0","ON_TIME","FULL",NULL,"11075",NULL,"PRODUCTION","20",NULL,NULL,"OPEN","UNCONSUMED_FORECAST","2024-11-29 00:00:00",NULL,NULL,"0.04500000000000002","0","0","FULFILLED_BY_INVENTORY","0.04500000000000002","0.1637732700639365","0.11877327006393648","3.411226729936065","GASIL HP260 (30 LB X 18 BAGS)","Gasil HP260","JOLIET SPEC",20,"8.818"
"168","SINGLE_STAGE","optimized_for_changeovers","2","2024-10-21 00:00:00","2024-10-21 02:44:45.535027+00","3854","74","0","0","2024-10-23 21:49:22.943528","2024-10-24 00:11:52.134947",NULL,"0","ON_TIME","FULL",NULL,"11074",NULL,"PRODUCTION","20",NULL,NULL,"OPEN","UNCONSUMED_FORECAST","2024-11-22 00:00:00",NULL,NULL,"0.04500000000000002","0","0","FULFILLED_BY_INVENTORY","0.04500000000000002","1.2087732700639364","1.1637732700639365","3.411226729936065","GASIL HP260 (30 LB X 18 BAGS)","Gasil HP260","JOLIET SPEC",20,"8.818"
"168","SINGLE_STAGE","optimized_for_changeovers","2","2024-10-21 00:00:00","2024-10-21 02:44:45.535027+00","3855","74","0.0031666666666666666","0","2024-10-24 00:11:52.134947","2024-10-24 00:12:03.534947",NULL,NULL,NULL,NULL,NULL,NULL,"MATERIAL_CHANGEOVER","CHANGEOVER",NULL,NULL,NULL,NULL,NULL,NULL,NULL,NULL,NULL,NULL,NULL,NULL,NULL,NULL,NULL,NULL,NULL,NULL,"JOLIET SPEC",20,NULL
"168","SINGLE_STAGE","optimized_for_changeovers","2","2024-10-21 00:00:00","2024-10-21 02:44:45.535027+00","3856","74","2.0000000000834324","0.5497595936","2024-10-24 00:12:03.534947","2024-10-24 02:12:03.534947",NULL,"0","ON_TIME","FULL",NULL,"11188",NULL,"PRODUCTION","47","91409185","20","OPEN","CUSTOMER_ORDERS","2024-12-01 00:00:00",NULL,NULL,"2","0","7398","FULFILLED_BY_INVENTORY","2","4.613","2.6130000000000004","0","GASIL HP260 (30 LB X 18 BAGS)-HMIS","Gasil HP260","JOLIET SPEC",20,"6.613"
"168","SINGLE_STAGE","optimized_for_changeovers","2","2024-10-21 00:00:00","2024-10-21 02:44:45.535027+00","3856","74","0","0","2024-10-24 00:12:03.534947","2024-10-24 02:12:03.534947",NULL,"0","ON_TIME","FULL",NULL,"11190",NULL,"PRODUCTION","47","91408759","10","OPEN","CUSTOMER_ORDERS","2024-11-28 00:00:00",NULL,NULL,"2","0","5919","FULFILLED_BY_INVENTORY","2","6.613","4.613","0","GASIL HP260 (30 LB X 18 BAGS)-HMIS","Gasil HP260","JOLIET SPEC",20,"6.613"
"168","SINGLE_STAGE","optimized_for_changeovers","2","2024-10-21 00:00:00","2024-10-21 02:44:45.535027+00","3857","74","2","0.4254","2024-10-24 02:12:03.534947","2024-10-24 04:12:03.534947",NULL,"0","ON_TIME","FULL",NULL,"11108",NULL,"PRODUCTION","43",NULL,NULL,"OPEN","UNCONSUMED_FORECAST","2024-11-22 00:00:00",NULL,NULL,"0.094","0","0","FULFILLED_BY_INVENTORY","0.094","4.067999999999999","3.973999999999999","0","GASIL HP870 (15 KG X 14 BAGS)","Gasil HP870","JOLIET SPEC",20,"7.35"
"168","SINGLE_STAGE","optimized_for_changeovers","2","2024-10-21 00:00:00","2024-10-21 02:44:45.535027+00","3857","74","0","0","2024-10-24 02:12:03.534947","2024-10-24 04:12:03.534947",NULL,"0","ON_TIME","FULL",NULL,"11109",NULL,"PRODUCTION","43",NULL,NULL,"OPEN","UNCONSUMED_FORECAST","2024-11-29 00:00:00",NULL,NULL,"0.094","0","0","FULFILLED_BY_INVENTORY","0.094","3.973999999999999","3.879999999999999","0","GASIL HP870 (15 KG X 14 BAGS)","Gasil HP870","JOLIET SPEC",20,"7.35"
"168","SINGLE_STAGE","optimized_for_changeovers","2","2024-10-21 00:00:00","2024-10-21 02:44:45.535027+00","3858","74","0.016666666666666666","0","2024-10-24 04:12:03.534947","2024-10-24 04:13:03.534947",NULL,NULL,NULL,NULL,NULL,NULL,"GROUP_CHANGEOVER","CHANGEOVER",NULL,NULL,NULL,NULL,NULL,NULL,NULL,NULL,NULL,NULL,NULL,NULL,NULL,NULL,NULL,NULL,NULL,NULL,"JOLIET SPEC",20,NULL
"168","SINGLE_STAGE","optimized_for_changeovers","2","2024-10-21 00:00:00","2024-10-21 02:44:45.535027+00","3859","74","6.830491452991453","2.013888888888889","2024-10-24 04:13:03.534947","2024-10-24 11:02:53.304178",NULL,"0.07399999999999984","ON_TIME","FULL",NULL,"11094",NULL,"PRODUCTION","30",NULL,NULL,"OPEN","UNCONSUMED_FORECAST","2024-11-22 00:00:00",NULL,NULL,"0","0.07399999999999984","0","NOT_FULFILLED_BY_INVENTORY","0.07399999999999984","0","0","13.943790705630382","GASIL IJ24 (44 LB X 18 BAGS)","Gasil IJ24","JOLIET SPEC",20,"26.225"
"168","SINGLE_STAGE","optimized_for_changeovers","2","2024-10-21 00:00:00","2024-10-21 02:44:45.535027+00","3859","74","0","0","2024-10-24 04:13:03.534947","2024-10-24 11:02:53.304178",NULL,"0.07399999999999984","ON_TIME","FULL",NULL,"11095",NULL,"PRODUCTION","30",NULL,NULL,"OPEN","UNCONSUMED_FORECAST","2024-11-29 00:00:00",NULL,NULL,"0","0.07399999999999984","0","NOT_FULFILLED_BY_INVENTORY","0.07399999999999984","0","0","13.943790705630382","GASIL IJ24 (44 LB X 18 BAGS)","Gasil IJ24","JOLIET SPEC",20,"26.225"
"168","SINGLE_STAGE","optimized_for_changeovers","2","2024-10-21 00:00:00","2024-10-21 02:44:45.535027+00","3860","74","0.0015","0","2024-10-24 11:02:53.304178","2024-10-24 11:02:58.704178",NULL,NULL,NULL,NULL,NULL,NULL,"MATERIAL_CHANGEOVER","CHANGEOVER",NULL,NULL,NULL,NULL,NULL,NULL,NULL,NULL,NULL,NULL,NULL,NULL,NULL,NULL,NULL,NULL,NULL,NULL,"JOLIET SPEC",20,NULL
"168","SINGLE_STAGE","optimized_for_changeovers","2","2024-10-21 00:00:00","2024-10-21 02:44:45.535027+00","3861","74","1.318991452991453","0.3888888888888889","2024-10-24 11:02:58.704178","2024-10-24 12:22:07.073409",NULL,"0.10820000000000007","ON_TIME","FULL",NULL,"11136",NULL,"PRODUCTION","103",NULL,NULL,"OPEN","UNCONSUMED_FORECAST","2024-11-22 00:00:00",NULL,NULL,"0","0.10820000000000007","0","NOT_FULFILLED_BY_INVENTORY","0.10820000000000007","0","0","3.9416386378656214","BRITESORB IJ24 (22 LB x 35 BAGS)","Gasil IJ24","JOLIET SPEC",20,"0.699"
"168","SINGLE_STAGE","optimized_for_changeovers","2","2024-10-21 00:00:00","2024-10-21 02:44:45.535027+00","3861","74","0","0","2024-10-24 11:02:58.704178","2024-10-24 12:22:07.073409",NULL,"0.10820000000000007","ON_TIME","FULL",NULL,"11137",NULL,"PRODUCTION","103",NULL,NULL,"OPEN","UNCONSUMED_FORECAST","2024-11-29 00:00:00",NULL,NULL,"0","0.10820000000000007","0","NOT_FULFILLED_BY_INVENTORY","0.10820000000000007","0","0","3.9416386378656214","BRITESORB IJ24 (22 LB x 35 BAGS)","Gasil IJ24","JOLIET SPEC",20,"0.699"
"168","SINGLE_STAGE","optimized_for_changeovers","2","2024-10-21 00:00:00","2024-10-21 02:44:45.535027+00","3862","74","0.025","0","2024-10-24 12:22:07.073409","2024-10-24 12:23:37.073409",NULL,NULL,NULL,NULL,NULL,NULL,"GRADE_CHANGEOVER","CHANGEOVER",NULL,NULL,NULL,NULL,NULL,NULL,NULL,NULL,NULL,NULL,NULL,NULL,NULL,NULL,NULL,NULL,NULL,NULL,"JOLIET SPEC",20,NULL
"168","SINGLE_STAGE","optimized_for_changeovers","2","2024-10-21 00:00:00","2024-10-21 02:44:45.535027+00","3863","74","20.542469470499242","6.1592","2024-10-24 12:23:37.073409","2024-10-25 08:56:09.963503",NULL,"6","ON_TIME","FULL",NULL,"11181",NULL,"PRODUCTION","32","91408420","30","OPEN","CUSTOMER_ORDERS","2024-11-21 00:00:00",NULL,NULL,"0","6","41654","NOT_FULFILLED_BY_INVENTORY","6","0","0","18.650374468171687","GASIL IJ37 (44 LB X 18 BAGS)","Gasil IJ37","JOLIET SPEC",20,"30.516"
"168","SINGLE_STAGE","optimized_for_changeovers","2","2024-10-21 00:00:00","2024-10-21 02:44:45.535027+00","3863","74","0","0","2024-10-24 12:23:37.073409","2024-10-25 08:56:09.963503",NULL,"0.07959999999999993","ON_TIME","FULL",NULL,"11103",NULL,"PRODUCTION","32",NULL,NULL,"OPEN","UNCONSUMED_FORECAST","2024-11-22 00:00:00",NULL,NULL,"0","0.07959999999999993","0","NOT_FULFILLED_BY_INVENTORY","0.07959999999999993","0","0","18.650374468171687","GASIL IJ37 (44 LB X 18 BAGS)","Gasil IJ37","JOLIET SPEC",20,"30.516"
"168","SINGLE_STAGE","optimized_for_changeovers","2","2024-10-21 00:00:00","2024-10-21 02:44:45.535027+00","3863","74","0","0","2024-10-24 12:23:37.073409","2024-10-25 08:56:09.963503",NULL,"0.07959999999999993","ON_TIME","FULL",NULL,"11104",NULL,"PRODUCTION","32",NULL,NULL,"OPEN","UNCONSUMED_FORECAST","2024-11-29 00:00:00",NULL,NULL,"0","0.07959999999999993","0","NOT_FULFILLED_BY_INVENTORY","0.07959999999999993","0","0","18.650374468171687","GASIL IJ37 (44 LB X 18 BAGS)","Gasil IJ37","JOLIET SPEC",20,"30.516"
"168","SINGLE_STAGE","optimized_for_changeovers","2","2024-10-21 00:00:00","2024-10-21 02:44:45.535027+00","3864","74","0.0045000000000000005","0","2024-10-25 08:56:09.963503","2024-10-25 08:56:26.163503",NULL,NULL,NULL,NULL,NULL,NULL,"MATERIAL_CHANGEOVER","CHANGEOVER",NULL,NULL,NULL,NULL,NULL,NULL,NULL,NULL,NULL,NULL,NULL,NULL,NULL,NULL,NULL,NULL,NULL,NULL,"JOLIET SPEC",20,NULL
"168","SINGLE_STAGE","optimized_for_changeovers","2","2024-10-21 00:00:00","2024-10-21 02:44:45.535027+00","3865","74","116.73373676248107","35","2024-10-25 08:56:26.163503","2024-10-30 05:40:27.615848",NULL,"5","ON_TIME","FULL",NULL,"11195",NULL,"PRODUCTION","50","91408394","10","OPEN","CUSTOMER_ORDERS","2024-11-20 00:00:00",NULL,NULL,"0","5","9871","NOT_FULFILLED_BY_INVENTORY","5","0","0","22.8706795472838","GASIL IJ37 (20 KG X 12 BAGS) - CHINA","Gasil IJ37","JOLIET SPEC",20,"14.16"
"168","SINGLE_STAGE","optimized_for_changeovers","2","2024-10-21 00:00:00","2024-10-21 02:44:45.535027+00","3865","74","0","0","2024-10-25 08:56:26.163503","2024-10-30 05:40:27.615848",NULL,"5","ON_TIME","FULL",NULL,"11193",NULL,"PRODUCTION","50","91408396","10","OPEN","CUSTOMER_ORDERS","2024-11-20 00:00:00",NULL,NULL,"0","5","9871","NOT_FULFILLED_BY_INVENTORY","5","0","0","22.8706795472838","GASIL IJ37 (20 KG X 12 BAGS) - CHINA","Gasil IJ37","JOLIET SPEC",20,"14.16"
"168","SINGLE_STAGE","optimized_for_changeovers","2","2024-10-21 00:00:00","2024-10-21 02:44:45.535027+00","3865","74","0","0","2024-10-25 08:56:26.163503","2024-10-30 05:40:27.615848",NULL,"5","ON_TIME","FULL",NULL,"11194",NULL,"PRODUCTION","50","91408329","10","OPEN","CUSTOMER_ORDERS","2024-11-20 00:00:00",NULL,NULL,"0","5","9871","NOT_FULFILLED_BY_INVENTORY","5","0","0","22.8706795472838","GASIL IJ37 (20 KG X 12 BAGS) - CHINA","Gasil IJ37","JOLIET SPEC",20,"14.16"
"168","SINGLE_STAGE","optimized_for_changeovers","2","2024-10-21 00:00:00","2024-10-21 02:44:45.535027+00","3865","74","0","0","2024-10-25 08:56:26.163503","2024-10-30 05:40:27.615848",NULL,"10","ON_TIME","FULL",NULL,"11200",NULL,"PRODUCTION","50","91408761","10","OPEN","CUSTOMER_ORDERS","2024-11-27 00:00:00",NULL,NULL,"0","10","17023","NOT_FULFILLED_BY_INVENTORY","10","0","0","22.8706795472838","GASIL IJ37 (20 KG X 12 BAGS) - CHINA","Gasil IJ37","JOLIET SPEC",20,"14.16"
"168","SINGLE_STAGE","optimized_for_changeovers","2","2024-10-21 00:00:00","2024-10-21 02:44:45.535027+00","3865","74","0","0","2024-10-25 08:56:26.163503","2024-10-30 05:40:27.615848",NULL,"10","ON_TIME","FULL",NULL,"11202",NULL,"PRODUCTION","50","91408845","10","OPEN","CUSTOMER_ORDERS","2024-11-28 00:00:00",NULL,NULL,"0","10","17023","NOT_FULFILLED_BY_INVENTORY","10","0","0","22.8706795472838","GASIL IJ37 (20 KG X 12 BAGS) - CHINA","Gasil IJ37","JOLIET SPEC",20,"14.16"
"168","SINGLE_STAGE","optimized_for_changeovers","2","2024-10-21 00:00:00","2024-10-21 02:44:45.535027+00","3866","74","0.05","0","2024-10-30 05:40:27.615848","2024-10-30 05:43:27.615848",NULL,NULL,NULL,NULL,NULL,NULL,"GRADE_CHANGEOVER","CHANGEOVER",NULL,NULL,NULL,NULL,NULL,NULL,NULL,NULL,NULL,NULL,NULL,NULL,NULL,NULL,NULL,NULL,NULL,NULL,"JOLIET SPEC",20,NULL
"168","SINGLE_STAGE","optimized_for_changeovers","2","2024-10-21 00:00:00","2024-10-21 02:44:45.535027+00","3867","74","1.9999999999259452","0.6286854758","2024-10-30 05:43:27.615848","2024-10-30 07:43:27.615848",NULL,"0","ON_TIME","FULL",NULL,"11184",NULL,"PRODUCTION","33","91409173","30","OPEN","CUSTOMER_ORDERS","2024-12-01 00:00:00",NULL,NULL,"9","0","65593","FULFILLED_BY_INVENTORY","9","15.028","6.0280000000000005","0","GASIL IJ45 (44 LB X 18 BAGS)","Gasil IJ45","JOLIET SPEC",20,"15.028"
"168","SINGLE_STAGE","optimized_for_changeovers","2","2024-10-21 00:00:00","2024-10-21 02:44:45.535027+00","3868","74","0.05","0","2024-10-30 07:43:27.615848","2024-10-30 07:46:27.615848",NULL,NULL,NULL,NULL,NULL,NULL,"GROUP_CHANGEOVER","CHANGEOVER",NULL,NULL,NULL,NULL,NULL,NULL,NULL,NULL,NULL,NULL,NULL,NULL,NULL,NULL,NULL,NULL,NULL,NULL,"JOLIET SPEC",20,NULL
"168","SINGLE_STAGE","optimized_for_changeovers","2","2024-10-21 00:00:00","2024-10-21 02:44:45.535027+00","3869","74","2.000000000110457","0.6350358342","2024-10-30 07:46:27.615848","2024-10-30 09:46:27.615848",NULL,"0","ON_TIME","FULL",NULL,"11122",NULL,"PRODUCTION","86",NULL,NULL,"OPEN","UNCONSUMED_FORECAST","2024-11-22 00:00:00",NULL,NULL,"0.08399999999999999","0","0","FULFILLED_BY_INVENTORY","0.08399999999999999","1.8479999999999999","1.7639999999999998","0","GASIL UV70C (15 KG X 14 BAGS)","Gasil UV70C","JOLIET SPEC",20,"2.1"
"168","SINGLE_STAGE","optimized_for_changeovers","2","2024-10-21 00:00:00","2024-10-21 02:44:45.535027+00","3869","74","0","0","2024-10-30 07:46:27.615848","2024-10-30 09:46:27.615848",NULL,"0","ON_TIME","FULL",NULL,"11123",NULL,"PRODUCTION","86",NULL,NULL,"OPEN","UNCONSUMED_FORECAST","2024-11-29 00:00:00",NULL,NULL,"0.08399999999999999","0","0","FULFILLED_BY_INVENTORY","0.08399999999999999","1.7639999999999998","1.6799999999999997","0","GASIL UV70C (15 KG X 14 BAGS)","Gasil UV70C","JOLIET SPEC",20,"2.1"
"166","SINGLE_STAGE","optimized_for_changeovers","2","2024-10-21 00:00:00","2024-10-21 02:44:33.303909+00","3870","74","40.750473786845376","12.920521263269945","2024-10-07 20:14:58.294368","2024-10-09 13:00:00.000001",NULL,"12.920521263269945","ON_TIME","FULL",NULL,"11241",NULL,"PRODUCTION","11",NULL,NULL,"OPEN","SAFETY_STOCK_RECOVERY","2024-10-21 00:00:00",NULL,NULL,"0","12.920521263269945","0","NOT_FULFILLED_BY_INVENTORY","12.920521263269945","0","0","13.340521263269945","GASIL HP210 (15 kg x 14 Bags)","Gasil HP210","JOLIET SPEC",20,"0.42"
"166","SINGLE_STAGE","optimized_for_changeovers","2","2024-10-21 00:00:00","2024-10-21 02:44:33.303909+00","3871","74","29.05229066557014","8.7106795472838","2024-10-10 00:41:53.459238","2024-10-11 05:45:01.705634",NULL,"8.7106795472838","ON_TIME","FULL",NULL,"11244",NULL,"PRODUCTION","50",NULL,NULL,"OPEN","SAFETY_STOCK_RECOVERY","2024-10-21 00:00:00",NULL,NULL,"0","8.7106795472838","0","NOT_FULFILLED_BY_INVENTORY","8.7106795472838","0","0","22.8706795472838","GASIL IJ37 (20 KG X 12 BAGS) - CHINA","Gasil IJ37","JOLIET SPEC",20,"14.16"
"166","SINGLE_STAGE","optimized_for_changeovers","2","2024-10-21 00:00:00","2024-10-21 02:44:33.303909+00","3872","74","13.481313780788497","4.213292749234906","2024-10-11 21:19:17.222419","2024-10-12 10:48:09.95203",NULL,"4.213292749234906","ON_TIME","FULL",NULL,"11243",NULL,"PRODUCTION","27",NULL,NULL,"OPEN","SAFETY_STOCK_RECOVERY","2024-10-21 00:00:00",NULL,NULL,"0","4.213292749234906","0","NOT_FULFILLED_BY_INVENTORY","4.213292749234906","0","0","9.915292749234906","GASIL HP39 (30 LB X 21 BAGS)","Gasil HP39","JOLIET SPEC",20,"5.702"
"166","SINGLE_STAGE","optimized_for_changeovers","2","2024-10-21 00:00:00","2024-10-21 02:44:33.303909+00","3873","74","12.348103548780113","3.91514305570049","2024-10-12 11:56:09.508865","2024-10-13 00:17:02.681641",NULL,"3.91514305570049","ON_TIME","FULL",NULL,"11242",NULL,"PRODUCTION","12",NULL,NULL,"OPEN","SAFETY_STOCK_RECOVERY","2024-10-21 00:00:00",NULL,NULL,"0","3.91514305570049","0","NOT_FULFILLED_BY_INVENTORY","3.91514305570049","0","0","14.77414305570049","GASIL HP210 (30 LB X 21 BAGS)","Gasil HP210","JOLIET SPEC",20,"10.859"
"166","SINGLE_STAGE","optimized_for_changeovers","2","2024-10-21 00:00:00","2024-10-21 02:44:33.303909+00","3874","74","10.998032524674692","3.2426386378656216","2024-10-13 01:38:02.937327","2024-10-13 12:37:55.854416",NULL,"3.2426386378656216","ON_TIME","FULL",NULL,"11245",NULL,"PRODUCTION","103",NULL,NULL,"OPEN","SAFETY_STOCK_RECOVERY","2024-10-21 00:00:00",NULL,NULL,"0","3.2426386378656216","0","NOT_FULFILLED_BY_INVENTORY","3.2426386378656216","0","0","3.9416386378656214","BRITESORB IJ24 (22 LB x 35 BAGS)","Gasil IJ24","JOLIET SPEC",20,"0.699"
